offset_rank,episode_id,policy_model,utc_date,created_ts_ns,first_timestamp_ns,offset_ns,gap_from_previous_ns,group_1h
1,000000000454,act,2026-03-20,1774013533443147834,1389132854788795,1772624400588359039,,1
2,000000000415,smolvla,2026-03-19,1773912958991126537,1288558375989963,1772624400615136574,26777535,1
3,000000000298,openpi,2026-03-06,1772802287505583666,177886886141808,1772624400619441858,4305284,1
4,000000000278,act,2026-03-05,1772709241370375763,84840747365836,1772624400623009927,3568069,1
5,000000000514,act,2026-03-20,1774024540306374510,1400139678649985,1772624400627724525,4714598,1
6,000000000394,act,2026-03-17,1773754888331689628,1130487702664234,1772624400629025394,1300869,1
7,000000000274,openpi,2026-03-05,1772705345768891765,80945138961853,1772624400629929912,904518,1
8,000000000349,openpi,2026-03-10,1773148141987972094,523741356878426,1772624400631093668,1163756,1
9,000000000279,act,2026-03-05,1772710751844679606,86351213192162,1772624400631487444,393776,1
10,000000000348,openpi,2026-03-10,1773145937971445916,521537336982520,1772624400634463396,2975952,1
11,000000000294,openpi,2026-03-05,1772717438803148765,93038167267568,1772624400635881197,1417801,1
12,000000000353,openpi,2026-03-10,1773150248182924637,525847546821551,1772624400636103086,221889,1
13,000000000397,act,2026-03-17,1773757017862242608,1132617216746782,1772624400645495826,9392740,1
14,000000000516,groot,2026-03-20,1774024873365920457,1400472720223264,1772624400645697193,201367,1
15,000000000455,act,2026-03-20,1774013698468729941,1389297821406786,1772624400647323155,1625962,1
16,000000000520,smolvla,2026-03-20,1774025574092535166,1401173443206646,1772624400649328520,2005365,1
17,000000000433,smolvla,2026-03-19,1773919487100337097,1295086450429852,1772624400649907245,578725,1
18,000000000416,smolvla,2026-03-19,1773913225927431309,1288825276999013,1772624400650432296,525051,1
19,000000000497,smolvla,2026-03-20,1774021448462464901,1397047811846014,1772624400650618887,186591,1
20,000000000326,openpi,2026-03-10,1773132101941869038,507701290994086,1772624400650874952,256065,1
21,000000000293,act,2026-03-05,1772716682484686553,92281833775873,1772624400650910680,35728,1
22,000000000517,act,2026-03-20,1774025022270197562,1400621619242872,1772624400650954690,44010,1
23,000000000408,act,2026-03-17,1773761395994494153,1136995343486127,1772624400651008026,53336,1
24,000000000436,act,2026-03-19,1773921825112238084,1297424461219822,1772624400651018262,10236,1
25,000000000347,act,2026-03-10,1773145498129846130,521097478760096,1772624400651086034,67772,1
26,000000000301,act,2026-03-06,1772803443072084024,179042420917574,1772624400651166450,80416,1
27,000000000418,smolvla,2026-03-19,1773913788323953611,1289387672468210,1772624400651485401,318951,1
28,000000000505,act,2026-03-20,1774022910746065225,1398510094519993,1772624400651545232,59831,1
29,000000000487,smolvla,2026-03-20,1774019780088954507,1395379437296630,1772624400651657877,112645,1
30,000000000391,act,2026-03-13,1773420603222020801,796202570268180,1772624400651752621,94744,1
31,000000000283,openpi,2026-03-05,1772712077383618400,87676731845039,1772624400651773361,20740,1
32,000000000289,openpi,2026-03-05,1772714970878547267,90570226708519,1772624400651838748,65387,1
33,000000000478,groot,2026-03-20,1774017949234329912,1393548582383343,1772624400651946569,107821,1
34,000000000429,smolvla,2026-03-19,1773918773398253460,1294372746246252,1772624400652007208,60639,1
35,000000000310,openpi,2026-03-06,1772808192032738677,183791380712137,1772624400652026540,19332,1
36,000000000421,smolvla,2026-03-19,1773914561185667462,1290160533552840,1772624400652114622,88082,1
37,000000000449,act,2026-03-19,1773927630030264841,1303229378135721,1772624400652129120,14498,1
38,000000000320,act,2026-03-06,1772814379169412462,189978517276251,1772624400652136211,7091,1
39,000000000474,act,2026-03-20,1774017067197232507,1392666545080075,1772624400652152432,16221,1
40,000000000345,openpi,2026-03-10,1773144693193359944,520292541197424,1772624400652162520,10088,1
41,000000000317,act,2026-03-06,1772813287230744952,188886578560650,1772624400652184302,21782,1
42,000000000485,groot,2026-03-20,1774019461481980774,1395060829765376,1772624400652215398,31096,1
43,000000000494,groot,2026-03-20,1774020889853009660,1396489200758357,1772624400652251303,35905,1
44,000000000332,act,2026-03-10,1773135924254044848,511523601781650,1772624400652263198,11895,1
45,000000000518,groot,2026-03-20,1774025196775261850,1400796122963864,1772624400652297986,34788,1
46,000000000402,act,2026-03-17,1773759274412263684,1134873759889432,1772624400652374252,76266,1
47,000000000444,smolvla,2026-03-19,1773925074765030136,1300674112641697,1772624400652388439,14187,1
48,000000000369,openpi,2026-03-13,1773410177561147821,785776908686188,1772624400652461633,73194,1
49,000000000389,openpi,2026-03-13,1773419710636522003,795309984054819,1772624400652467184,5551,1
50,000000000461,openpi,2026-03-20,1774014684283839333,1390283631310530,1772624400652528803,61619,1
51,000000000325,act,2026-03-10,1773131770015050357,507369362482324,1772624400652568033,39230,1
52,000000000410,act,2026-03-17,1773761784433424005,1137383780762748,1772624400652661257,93224,1
53,000000000456,act,2026-03-20,1774013849403950770,1389448751172772,1772624400652777998,116741,1
54,000000000500,smolvla,2026-03-20,1774021896490298526,1397495837426329,1772624400652872197,94199,1
55,000000000419,act,2026-03-19,1773914100183097698,1289699530158672,1772624400652939026,66829,1
56,000000000306,openpi,2026-03-06,1772805647506611648,181246853661210,1772624400652950438,11412,1
57,000000000515,groot,2026-03-20,1774024727224284992,1400326571226575,1772624400653058417,107979,1
58,000000000495,openpi,2026-03-20,1774021050293347626,1396649640217427,1772624400653130199,71782,1
59,000000000484,groot,2026-03-20,1774019302610592012,1394901957456694,1772624400653135318,5119,1
60,000000000439,openpi,2026-03-19,1773922847422777673,1298446769518414,1772624400653259259,123941,1
61,000000000409,openpi,2026-03-17,1773761603052066135,1137202398655483,1772624400653410652,151393,1
62,000000000287,act,2026-03-05,1772713756549987913,89355896542733,1772624400653445180,34528,1
63,000000000506,groot,2026-03-20,1774023083768534731,1398683114957527,1772624400653577204,132024,1
64,000000000296,openpi,2026-03-05,1772718695916917796,94295263225756,1772624400653692040,114836,1
65,000000000464,act,2026-03-20,1774015283805822050,1390883152074934,1772624400653747116,55076,1
66,000000000330,act,2026-03-10,1773134512698287578,510112044533230,1772624400653754348,7232,1
67,000000000354,act,2026-03-10,1773150742989061230,526342335269117,1772624400653792113,37765,1
68,000000000341,openpi,2026-03-10,1773142421398707961,518020744890143,1772624400653817818,25705,1
69,000000000337,act,2026-03-10,1773138474969502168,514074315639024,1772624400653863144,45326,1
70,000000000342,act,2026-03-10,1773143086371236939,518685717350033,1772624400653886906,23762,1
71,000000000377,act,2026-03-13,1773414043513527629,789642859553984,1772624400653973645,86739,1
72,000000000284,act,2026-03-05,1772712311939469220,87911285398005,1772624400654071215,97570,1
73,000000000357,act,2026-03-10,1773151934555429470,527533901325345,1772624400654104125,32910,1
74,000000000338,act,2026-03-10,1773139802396356851,515401742216350,1772624400654140501,36376,1
75,000000000385,openpi,2026-03-13,1773418555408407666,794154754204857,1772624400654202809,62308,1
76,000000000445,act,2026-03-19,1773925448018998660,1301047364663343,1772624400654335317,132508,1
77,000000000373,openpi,2026-03-13,1773412353297174233,787952642747845,1772624400654426388,91071,1
78,000000000355,act,2026-03-10,1773151298666607903,526898012180960,1772624400654426943,555,1
79,000000000275,openpi,2026-03-05,1772705604126774094,81203472276648,1772624400654497446,70503,1
80,000000000329,act,2026-03-10,1773133862627350939,509461972814034,1772624400654536905,39459,1
81,000000000426,smolvla,2026-03-19,1773916490366781871,1292089712124154,1772624400654657717,120812,1
82,000000000404,act,2026-03-17,1773760701125856024,1136300471153491,1772624400654702533,44816,1
83,000000000519,groot,2026-03-20,1774025420348202141,1401019693454236,1772624400654747905,45372,1
84,000000000276,openpi,2026-03-05,1772705745317816611,81344663048310,1772624400654768301,20396,1
85,000000000462,smolvla,2026-03-20,1774014910198266273,1390509543448156,1772624400654818117,49816,1
86,000000000401,act,2026-03-17,1773759018224958738,1134617570082543,1772624400654876195,58078,1
87,000000000463,act,2026-03-20,1774015121498950572,1390720844005116,1772624400654945456,69261,1
88,000000000443,openpi,2026-03-19,1773924813626525948,1300412971574823,1772624400654951125,5669,1
89,000000000366,openpi,2026-03-13,1773406634502237182,782233847254178,1772624400654983004,31879,1
90,000000000392,openpi,2026-03-17,1773751861522395810,1127460867411811,1772624400654983999,995,1
91,000000000452,act,2026-03-19,1773928950718691989,1304550063700243,1772624400654991746,7747,1
92,000000000450,openpi,2026-03-19,1773928358783570168,1303958128576622,1772624400654993546,1800,1
93,000000000339,openpi,2026-03-10,1773140364998802053,515964343736891,1772624400655065162,71616,1
94,000000000327,openpi,2026-03-10,1773132449085019088,508048429870659,1772624400655148429,83267,1
95,000000000457,groot,2026-03-20,1774014007029111024,1389606373910214,1772624400655200810,52381,1
96,000000000393,act,2026-03-17,1773752425694964660,1128025039759359,1772624400655205301,4491,1
97,000000000370,openpi,2026-03-13,1773410451199241481,786050543994212,1772624400655247269,41968,1
98,000000000383,act,2026-03-13,1773417705707127718,793305051878210,1772624400655249508,2239,1
99,000000000420,smolvla,2026-03-19,1773914410872496529,1290010217244637,1772624400655251892,2384,1
100,000000000362,openpi,2026-03-13,1773403759892541579,779359237288874,1772624400655252705,813,1
101,000000000281,act,2026-03-05,1772711633018838792,87232363564067,1772624400655274725,22020,1
102,000000000453,act,2026-03-19,1773930363470698042,1305962815423026,1772624400655275016,291,1
103,000000000468,smolvla,2026-03-20,1774015888964785026,1391488309423369,1772624400655361657,86641,1
104,000000000396,openpi,2026-03-17,1773756905404945877,1132504749563470,1772624400655382407,20750,1
105,000000000360,openpi,2026-03-13,1773402616805250596,778216149846009,1772624400655404587,22180,1
106,000000000384,act,2026-03-13,1773417999157025076,793598501617728,1772624400655407348,2761,1
107,000000000361,act,2026-03-13,1773403435680445999,779035025006247,1772624400655439752,32404,1
108,000000000314,openpi,2026-03-06,1772811577795437840,187177139895641,1772624400655542199,102447,1
109,000000000507,act,2026-03-20,1774023228568705501,1398827913135709,1772624400655569792,27593,1
110,000000000458,act,2026-03-20,1774014159252287061,1389758596665205,1772624400655621856,52064,1
111,000000000440,act,2026-03-19,1773923336514621530,1298935858933481,1772624400655688049,66193,1
112,000000000331,act,2026-03-10,1773135371285903029,510970630144479,1772624400655758550,70501,1
113,000000000486,smolvla,2026-03-20,1774019638729734962,1395238073962287,1772624400655772675,14125,1
114,000000000285,act,2026-03-05,1772712589958225032,88189302397124,1772624400655827908,55233,1
115,000000000469,act,2026-03-20,1774016144337992501,1391743682137171,1772624400655855330,27422,1
116,000000000286,act,2026-03-05,1772713237300762469,88836644898081,1772624400655864388,9058,1
117,000000000483,act,2026-03-20,1774018934026520957,1394533370564483,1772624400655956474,92086,1
118,000000000503,smolvla,2026-03-20,1774022332549862613,1397931893858152,1772624400656004461,47987,1
119,000000000523,act,2026-03-20,1774026103719660646,1401703063581732,1772624400656078914,74453,1
120,000000000451,openpi,2026-03-19,1773928664969946696,1304264313838160,1772624400656108536,29622,1
121,000000000290,act,2026-03-05,1772715482210804235,91081554695174,1772624400656109061,525,1
122,000000000460,openpi,2026-03-20,1774014456075970462,1390055419830462,1772624400656140000,30939,1
123,000000000395,act,2026-03-17,1773755168554806990,1130767898653162,1772624400656153828,13828,1
124,000000000475,openpi,2026-03-20,1774017240663411147,1392840007162492,1772624400656248655,94827,1
125,000000000323,act,2026-03-06,1772815548442358526,191147785943773,1772624400656414753,166098,1
126,000000000388,openpi,2026-03-13,1773419236403640669,794835747200016,1772624400656440653,25900,1
127,000000000300,act,2026-03-06,1772802779972362837,178379315904963,1772624400656457874,17221,1
128,000000000324,act,2026-03-10,1773131479951326137,507079294800275,1772624400656525862,67988,1
129,000000000411,act,2026-03-17,1773762509489401952,1138108832856131,1772624400656545821,19959,1
130,000000000428,smolvla,2026-03-19,1773918615005300416,1294214348720163,1772624400656580253,34432,1
131,000000000382,openpi,2026-03-13,1773417181576337024,792780919749196,1772624400656587828,7575,1
132,000000000425,smolvla,2026-03-19,1773916019137413178,1291618480734086,1772624400656679092,91264,1
133,000000000477,openpi,2026-03-20,1774017613234613121,1393212577872664,1772624400656740457,61365,1
134,000000000442,act,2026-03-19,1773924380609788541,1299979953014715,1772624400656773826,33369,1
135,000000000405,act,2026-03-17,1773760887485250056,1136486828179619,1772624400657070437,296611,1
136,000000000390,openpi,2026-03-13,1773419970610457961,795569953368418,1772624400657089543,19106,1
137,000000000304,openpi,2026-03-06,1772804879370399831,180478713274913,1772624400657124918,35375,1
138,000000000434,smolvla,2026-03-19,1773921147745026615,1296747087826836,1772624400657199779,74861,1
139,000000000423,smolvla,2026-03-19,1773915280832884345,1290880175645215,1772624400657239130,39351,1
140,000000000417,smolvla,2026-03-19,1773913516484964830,1289115827712281,1772624400657252549,13419,1
141,000000000364,act,2026-03-13,1773404312149047911,779911491794632,1772624400657253279,730,1
142,000000000437,smolvla,2026-03-19,1773922110591559409,1297709934304350,1772624400657255059,1780,1
143,000000000398,act,2026-03-17,1773757305225206795,1132904567909976,1772624400657296819,41760,1
144,000000000498,smolvla,2026-03-20,1774021601232820625,1397200575518539,1772624400657302086,5267,1
145,000000000336,openpi,2026-03-10,1773138248958582664,513848301272079,1772624400657310585,8499,1
146,000000000363,openpi,2026-03-13,1773404026718173640,779626060827409,1772624400657346231,35646,1
147,000000000372,openpi,2026-03-13,1773411388103237704,786987445882529,1772624400657355175,8944,1
148,000000000512,act,2026-03-20,1774024067284466151,1399666627052206,1772624400657413945,58770,1
149,000000000447,smolvla,2026-03-19,1773926284541707175,1301883884256014,1772624400657451161,37216,1
150,000000000386,act,2026-03-13,1773418824512797776,794423855324081,1772624400657473695,22534,1
151,000000000413,act,2026-03-17,1773763113926382627,1138713268903916,1772624400657478711,5016,1
152,000000000313,openpi,2026-03-06,1772810697138354334,186296480856651,1772624400657497683,18972,1
153,000000000319,act,2026-03-06,1772813859330659289,189458673151465,1772624400657507824,10141,1
154,000000000480,smolvla,2026-03-20,1774018417078880975,1394016421372081,1772624400657508894,1070,1
155,000000000315,openpi,2026-03-06,1772812377115960544,187976458416615,1772624400657543929,35035,1
156,000000000432,smolvla,2026-03-19,1773919416948756073,1295016291203670,1772624400657552403,8474,1
157,000000000482,smolvla,2026-03-20,1774018736261999987,1394335604404987,1772624400657595000,42597,1
158,000000000305,act,2026-03-06,1772805242849164233,180842191492716,1772624400657671517,76517,1
159,000000000465,act,2026-03-20,1774015431153098776,1391030495412832,1772624400657685944,14427,1
160,000000000344,openpi,2026-03-10,1773144358089666204,519957431925702,1772624400657740502,54558,1
161,000000000318,act,2026-03-06,1772813569923060193,189169265282404,1772624400657777789,37287,1
162,000000000399,act,2026-03-17,1773758110329842884,1133709672049113,1772624400657793771,15982,1
163,000000000277,openpi,2026-03-05,1772706524228248759,82123570450707,1772624400657798052,4281,1
164,000000000441,smolvla,2026-03-19,1773924008184924598,1299607527113157,1772624400657811441,13389,1
165,000000000350,openpi,2026-03-10,1773148424406953987,524023749105085,1772624400657848902,37461,1
166,000000000435,smolvla,2026-03-19,1773921488614058018,1297087956205706,1772624400657852312,3410,1
167,000000000470,openpi,2026-03-20,1774016296270062369,1391895612203640,1772624400657858729,6417,1
168,000000000334,openpi,2026-03-10,1773137523764500468,513123106634479,1772624400657865989,7260,1
169,000000000311,act,2026-03-06,1772809209518040138,184808860153070,1772624400657887068,21079,1
170,000000000479,act,2026-03-20,1774018137949345598,1393737291426853,1772624400657918745,31677,1
171,000000000493,act,2026-03-20,1774020728285973103,1396327628052869,1772624400657920234,1489,1
172,000000000400,openpi,2026-03-17,1773758416971511702,1134016313586624,1772624400657925078,4844,1
173,000000000321,act,2026-03-06,1772814901058278130,190500400347508,1772624400657930622,5544,1
174,000000000431,smolvla,2026-03-19,1773919094394766004,1294693736829355,1772624400657936649,6027,1
175,000000000303,openpi,2026-03-06,1772804008106666274,179607448717928,1772624400657948346,11697,1
176,000000000501,groot,2026-03-20,1774022049811899708,1397649153948120,1772624400657951588,3242,1
177,000000000488,groot,2026-03-20,1774019939232325547,1395538574371283,1772624400657954264,2676,1
178,000000000328,act,2026-03-10,1773132812367761569,508411709768693,1772624400657992876,38612,1
179,000000000381,act,2026-03-13,1773416757381573453,792356723579554,1772624400657993899,1023,1
180,000000000492,act,2026-03-20,1774020552785330005,1396152127333887,1772624400657996118,2219,1
181,000000000424,smolvla,2026-03-19,1773915679125419316,1291278467409304,1772624400658010012,13894,1
182,000000000379,openpi,2026-03-13,1773415220796416721,790820138389558,1772624400658027163,17151,1
183,000000000297,openpi,2026-03-05,1772718975882273632,94575224192204,1772624400658081428,54265,1
184,000000000471,openpi,2026-03-20,1774016516490044572,1392115831931155,1772624400658113417,31989,1
185,000000000522,openpi,2026-03-20,1774025898675127449,1401498017012583,1772624400658114866,1449,1
186,000000000446,act,2026-03-19,1773925750828041086,1301350169887062,1772624400658154024,39158,1
187,000000000422,smolvla,2026-03-19,1773914880304068691,1290479645909205,1772624400658159486,5462,1
188,000000000291,openpi,2026-03-05,1772715836486704224,91435828521997,1772624400658182227,22741,1
189,000000000288,openpi,2026-03-05,1772714220285949545,89819627766902,1772624400658182643,416,1
190,000000000365,openpi,2026-03-13,1773406285925779982,781885267594096,1772624400658185886,3243,1
191,000000000292,openpi,2026-03-05,1772716445589992042,92044931785866,1772624400658206176,20290,1
192,000000000299,openpi,2026-03-06,1772802607058077038,178206399860020,1772624400658217018,10842,1
193,000000000352,act,2026-03-10,1773149435333135228,525034674873389,1772624400658261839,44821,1
194,000000000407,act,2026-03-17,1773761190330492521,1136789672219307,1772624400658273214,11375,1
195,000000000359,act,2026-03-13,1773402330916920456,777930258637749,1772624400658282707,9493,1
196,000000000509,act,2026-03-20,1774023641732637351,1399241074349415,1772624400658287936,5229,1
197,000000000356,act,2026-03-10,1773151577836043618,527177177751691,1772624400658291927,3991,1
198,000000000367,openpi,2026-03-13,1773406993003775225,782592345446447,1772624400658328778,36851,1
199,000000000473,groot,2026-03-20,1774016940850695075,1392540192358940,1772624400658336135,7357,1
200,000000000374,openpi,2026-03-13,1773412626135491170,788225477145978,1772624400658345192,9057,1
201,000000000351,act,2026-03-10,1773149051550270456,524650891849981,1772624400658420475,75283,1
202,000000000448,smolvla,2026-03-19,1773927220203500314,1302819545061116,1772624400658439198,18723,1
203,000000000491,act,2026-03-20,1774020397499274385,1395996840824620,1772624400658449765,10567,1
204,000000000502,act,2026-03-20,1774022234606415549,1397833947961876,1772624400658453673,3908,1
205,000000000307,act,2026-03-06,1772806274217821170,181873559336160,1772624400658485010,31337,1
206,000000000489,act,2026-03-20,1774020098013100395,1395697354591456,1772624400658508939,23929,1
207,000000000316,openpi,2026-03-06,1772812937870721540,188537212212545,1772624400658508995,56,1
208,000000000481,smolvla,2026-03-20,1774018584618177649,1394183959601891,1772624400658575758,66763,1
209,000000000308,act,2026-03-06,1772807406616470164,183005957892562,1772624400658577602,1844,1
210,000000000295,openpi,2026-03-05,1772717770541878574,93369883274593,1772624400658603981,26379,1
211,000000000387,openpi,2026-03-13,1773419108483410250,794707824764562,1772624400658645688,41707,1
212,000000000496,smolvla,2026-03-20,1774021203171259550,1396802512556807,1772624400658702743,57055,1
213,000000000521,groot,2026-03-20,1774025775286705372,1401374627981340,1772624400658724032,21289,1
214,000000000508,smolvla,2026-03-20,1774023480013539076,1399079354720480,1772624400658818596,94564,1
215,000000000333,openpi,2026-03-10,1773136421808065017,512021149207728,1772624400658857289,38693,1
216,000000000358,openpi,2026-03-10,1773152205305261706,527804646377966,1772624400658883740,26451,1
217,000000000302,act,2026-03-06,1772803723930568057,179323271638031,1772624400658930026,46286,1
218,000000000511,smolvla,2026-03-20,1774023969053997441,1399568395054691,1772624400658942750,12724,1
219,000000000280,openpi,2026-03-05,1772711408541393842,87007882413644,1772624400658980198,37448,1
220,000000000340,openpi,2026-03-10,1773140649528259877,516248869204493,1772624400659055384,75186,1
221,000000000472,smolvla,2026-03-20,1774016711503560989,1392310844488340,1772624400659072649,17265,1
222,000000000406,act,2026-03-17,1773761039207965656,1136638548883985,1772624400659081671,9022,1
223,000000000476,groot,2026-03-20,1774017404055552475,1393003396462753,1772624400659089722,8051,1
224,000000000490,groot,2026-03-20,1774020255679412306,1395855020297223,1772624400659115083,25361,1
225,000000000343,openpi,2026-03-10,1773144043228199988,519642569064464,1772624400659135524,20441,1
226,000000000430,smolvla,2026-03-19,1773919041629900524,1294640970741939,1772624400659158585,23061,1
227,000000000467,groot,2026-03-20,1774015736525818332,1391335866659507,1772624400659158825,240,1
228,000000000368,openpi,2026-03-13,1773407341136795931,782940477604983,1772624400659190948,32123,1
229,000000000346,act,2026-03-10,1773145144878772443,520744219541244,1772624400659231199,40251,1
230,000000000309,act,2026-03-06,1772807714724739535,183314065456278,1772624400659283257,52058,1
231,000000000282,act,2026-03-05,1772711783235656997,87382576229605,1772624400659427392,144135,1
232,000000000312,openpi,2026-03-06,1772809489518224781,185088858785640,1772624400659439141,11749,1
233,000000000459,smolvla,2026-03-20,1774014312166487184,1389911507033492,1772624400659453692,14551,1
234,000000000438,act,2026-03-19,1773922553241909542,1298152582429384,1772624400659480158,26466,1
235,000000000380,act,2026-03-13,1773415694549021480,791293889517496,1772624400659503984,23826,1
236,000000000466,smolvla,2026-03-20,1774015574013313189,1391173353756257,1772624400659556932,52948,1
237,000000000371,act,2026-03-13,1773411158745647499,786758086086749,1772624400659560750,3818,1
238,000000000499,act,2026-03-20,1774021747984668513,1397347325079314,1772624400659589199,28449,1
239,000000000427,smolvla,2026-03-19,1773917332778175248,1292932118574870,1772624400659600378,11179,1
240,000000000322,openpi,2026-03-06,1772815216410178410,190815750552917,1772624400659625493,25115,1
241,000000000513,smolvla,2026-03-20,1774024249988022292,1399849328369746,1772624400659652546,27053,1
242,000000000504,groot,2026-03-20,1774022624668819336,1398224009143928,1772624400659675408,22862,1
243,000000000403,act,2026-03-17,1773759684826151824,1135284166402731,1772624400659749093,73685,1
244,000000000414,act,2026-03-17,1773764063741661274,1139663081911604,1772624400659749670,577,1
245,000000000510,act,2026-03-20,1774023822148365937,1399421488581060,1772624400659784877,35207,1
246,000000000412,act,2026-03-17,1773762792638937138,1138391979126753,1772624400659810385,25508,1
247,000000000375,openpi,2026-03-13,1773412907612799878,788506952946915,1772624400659852963,42578,1
248,000000000335,openpi,2026-03-10,1773137867582983049,513466923032326,1772624400659950723,97760,1
249,000000000376,openpi,2026-03-13,1773413198851482593,788798191256499,1772624400660226094,275371,1
250,000000000378,openpi,2026-03-13,1773414715085166641,790314424578341,1772624400660588300,362206,1
251,000000000113,groot,2026-03-25,1774444937815504210,263557169924970,1774181380645579240,1556979984990940,2
252,000000000576,groot,2026-04-04,1775290944309805060,1109563154902317,1774181381154902743,509323503,2
253,000000000578,groot,2026-04-04,1775291548523562613,1110167356382392,1774181381167180221,12277478,2
254,000000000587,groot,2026-04-04,1775294342959904645,1112961786838764,1774181381173065881,5885660,2
255,000000000579,groot,2026-04-04,1775291875185748438,1110494011109654,1774181381174638784,1572903,2
256,000000000584,groot,2026-04-04,1775293378856780516,1111997681547898,1774181381175232618,593834,2
257,000000000585,openpi,2026-04-04,1775293691950686095,1112310775297198,1774181381175388897,156279,2
258,000000000589,groot,2026-04-04,1775294946698801290,1113565523122651,1774181381175678639,289742,2
259,000000000580,openpi,2026-04-04,1775292327485617625,1110946309842694,1774181381175774931,96292,2
260,000000000577,groot,2026-04-04,1775291242465844830,1109861289838100,1774181381176006730,231799,2
261,000000000581,openpi,2026-04-04,1775292546921945545,1111165745339765,1774181381176605780,599050,2
262,000000000590,openpi,2026-04-04,1775295317762324296,1113936585632563,1774181381176691733,85953,2
263,000000000592,groot,2026-04-04,1775295807784337750,1114426606865461,1774181381177472289,780556,2
264,000000000593,groot,2026-04-04,1775296095171901998,1114713993302639,1774181381178599359,1127070,2
265,000000000588,groot,2026-04-04,1775294647530013352,1113266351378557,1774181381178634795,35436,2
266,000000000591,groot,2026-04-04,1775295513891301576,1114132712524986,1774181381178776590,141795,2
267,000000000586,openpi,2026-04-04,1775294048968887431,1112667789849273,1774181381179038158,261568,2
268,000000000582,openpi,2026-04-04,1775292824273938265,1111443094327919,1774181381179610346,572188,2
269,000000000583,openpi,2026-04-04,1775293099466740682,1111718286972603,1774181381179768079,157733,2
270,000000000125,groot,2026-03-25,1774448637605373103,267256102932017,1774181381502441086,322673007,2
271,000000000153,openpi,2026-03-27,1774613542341907626,432160799026069,1774181381542881557,40440471,2
272,000000000200,openpi,2026-03-29,1774764897795275025,583516251486423,1774181381543788602,907045,2
273,000000000102,act,2026-03-25,1774441759917751792,260378369821274,1774181381547930518,4141916,2
274,000000000000,groot,2026-03-24,1774342697081461155,161315531767930,1774181381549693225,1762707,2
275,000000000071,groot,2026-03-25,1774430790204299282,249408653672098,1774181381550627184,933959,2
276,000000000060,groot,2026-03-24,1774362239957642607,180858406214827,1774181381551427780,800596,2
277,000000000524,openpi,2026-04-03,1775218462670299930,1037081118228962,1774181381552070968,643188,2
278,000000000001,smolvla,2026-03-24,1774343988790245237,162607236754754,1774181381553490483,1419515,2
279,000000000218,groot,2026-03-29,1774771087324570213,589705771066831,1774181381553503382,12899,2
280,000000000004,openpi,2026-03-24,1774345125266467304,163743711006719,1774181381555460585,1957203,2
281,000000000003,act,2026-03-24,1774344679231523325,163297662473775,1774181381569049550,13588965,2
282,000000000110,act,2026-03-25,1774444062952694934,262681381462958,1774181381571231976,2182426,2
283,000000000002,openpi,2026-03-24,1774344415998651079,163034427219944,1774181381571431135,199159,2
284,000000000123,groot,2026-03-25,1774448082140096202,266700567846329,1774181381572249873,818738,2
285,000000000023,smolvla,2026-03-24,1774350307186770098,168925614455581,1774181381572314517,64644,2
286,000000000193,groot,2026-03-27,1774627677102336271,446295530012695,1774181381572323576,9059,2
287,000000000062,groot,2026-03-24,1774362724169280452,181342596570496,1774181381572709956,386380,2
288,000000000008,act,2026-03-24,1774346233712205788,164852139424884,1774181381572780904,70948,2
289,000000000253,openpi,2026-03-29,1774782166906797843,600785333946894,1774181381572850949,70045,2
290,000000000573,openpi,2026-04-03,1775233090249093067,1051708676060826,1774181381573032241,181292,2
291,000000000250,smolvla,2026-03-29,1774781325958342128,599944385301192,1774181381573040936,8695,2
292,000000000541,openpi,2026-04-03,1775223007454012139,1041625880917201,1774181381573094938,54002,2
293,000000000148,groot,2026-03-25,1774455659080250049,274277507101359,1774181381573148690,53752,2
294,000000000082,smolvla,2026-03-25,1774434629469464945,253247896284906,1774181381573180039,31349,2
295,000000000534,openpi,2026-04-03,1775221175475756553,1039793902529677,1774181381573226876,46837,2
296,000000000037,groot,2026-03-24,1774354328198858949,172946625622931,1774181381573236018,9142,2
297,000000000107,groot,2026-03-25,1774443481409725396,262099836380213,1774181381573345183,109165,2
298,000000000068,openpi,2026-03-24,1774364281945000719,182900371638273,1774181381573362446,17263,2
299,000000000571,openpi,2026-04-03,1775232510955050149,1051129381588648,1774181381573461501,99055,2
300,000000000560,openpi,2026-04-03,1775228340885803481,1046959312301280,1774181381573502201,40700,2
301,000000000114,act,2026-03-25,1774445194950508834,263813376719464,1774181381573789370,287169,2
302,000000000096,act,2026-03-25,1774438727712557520,257346138735287,1774181381573822233,32863,2
303,000000000243,smolvla,2026-03-29,1774779149446503704,597767872681155,1774181381573822549,316,2
304,000000000044,act,2026-03-24,1774356286881764338,174905307834701,1774181381573929637,107088,2
305,000000000155,smolvla,2026-03-27,1774614105575225491,432724001221991,1774181381574003500,73863,2
306,000000000548,groot,2026-04-03,1775224932922096471,1043551348074727,1774181381574021744,18244,2
307,000000000036,smolvla,2026-03-24,1774354054966972932,172673392912451,1774181381574060481,38737,2
308,000000000018,groot,2026-03-24,1774348969363473049,167587789381968,1774181381574091081,30600,2
309,000000000116,groot,2026-03-25,1774445803305654555,264421731543895,1774181381574110660,19579,2
310,000000000007,smolvla,2026-03-24,1774345909969618993,164528395484749,1774181381574134244,23584,2
311,000000000186,groot,2026-03-27,1774625849464435741,444467890279035,1774181381574156706,22462,2
312,000000000147,openpi,2026-03-25,1774455380867350845,273999293152469,1774181381574198376,41670,2
313,000000000217,groot,2026-03-29,1774770245813986770,588864239786941,1774181381574199829,1453,2
314,000000000196,smolvla,2026-03-27,1774628532690794705,447151116550653,1774181381574244052,44223,2
315,000000000143,groot,2026-03-25,1774454253229355116,272871655039840,1774181381574315276,71224,2
316,000000000115,act,2026-03-25,1774445455463991761,264073889666674,1774181381574325087,9811,2
317,000000000050,smolvla,2026-03-24,1774358434165451183,177052591105369,1774181381574345814,20727,2
318,000000000530,groot,2026-04-03,1775220059789472132,1038678215114318,1774181381574357814,12000,2
319,000000000567,openpi,2026-04-03,1775230353178406347,1048971604046387,1774181381574359960,2146,2
320,000000000150,groot,2026-03-25,1774456240204442223,274858630047183,1774181381574395040,35080,2
321,000000000032,smolvla,2026-03-24,1774353030342509205,171648768095589,1774181381574413616,18576,2
322,000000000204,openpi,2026-03-29,1774766145356182950,584763781720322,1774181381574462628,49012,2
323,000000000192,groot,2026-03-27,1774627326377242967,445944802701157,1774181381574541810,79182,2
324,000000000095,act,2026-03-25,1774438454732442887,257073157891113,1774181381574551774,9964,2
325,000000000030,smolvla,2026-03-24,1774352268835338879,170887260752742,1774181381574586137,34363,2
326,000000000238,groot,2026-03-29,1774776743953889700,595362379256554,1774181381574633146,47009,2
327,000000000234,groot,2026-03-29,1774775459372587838,594077797947121,1774181381574640717,7571,2
328,000000000005,smolvla,2026-03-24,1774345385268271449,164003693610232,1774181381574661217,20500,2
329,000000000249,groot,2026-03-29,1774780873276471889,599491701720714,1774181381574751175,89958,2
330,000000000547,groot,2026-04-03,1775224653415656140,1043271840872437,1774181381574783703,32528,2
331,000000000269,act,2026-03-29,1774786400040386782,605018465557605,1774181381574829177,45474,2
332,000000000546,groot,2026-04-03,1775224394261349526,1043012686515132,1774181381574834394,5217,2
333,000000000242,groot,2026-03-29,1774778666846383148,597285271443129,1774181381574940019,105625,2
334,000000000176,groot,2026-03-27,1774621614451466002,440232876474776,1774181381574991226,51207,2
335,000000000170,groot,2026-03-27,1774619306891825325,437925316793344,1774181381575031981,40755,2
336,000000000226,openpi,2026-03-29,1774773504761583461,592123186501581,1774181381575081880,49899,2
337,000000000019,groot,2026-03-24,1774349239791522254,167858216384894,1774181381575137360,55480,2
338,000000000211,groot,2026-03-29,1774768426744607809,587045169408611,1774181381575199198,61838,2
339,000000000074,smolvla,2026-03-25,1774431486950544309,250105375344945,1774181381575199364,166,2
340,000000000097,groot,2026-03-25,1774439026615937264,257645040641596,1774181381575295668,96304,2
341,000000000091,act,2026-03-25,1774437349797366827,255968222039742,1774181381575327085,31417,2
342,000000000165,smolvla,2026-03-27,1774617394798082330,436013222723939,1774181381575358391,31306,2
343,000000000258,groot,2026-03-29,1774783461157463471,602079582081452,1774181381575382019,23628,2
344,000000000138,act,2026-03-25,1774452721593253553,271340017781248,1774181381575472305,90286,2
345,000000000536,groot,2026-04-03,1775221649620021127,1040268044532407,1774181381575488720,16415,2
346,000000000066,groot,2026-03-24,1774363725958109912,182344382521461,1774181381575588451,99731,2
347,000000000127,act,2026-03-25,1774449200130628235,267818555020590,1774181381575607645,19194,2
348,000000000022,groot,2026-03-24,1774350037569333930,168655993703431,1774181381575630499,22854,2
349,000000000164,smolvla,2026-03-27,1774616917891667995,435536315950983,1774181381575717012,86513,2
350,000000000556,openpi,2026-04-03,1775227086701526112,1045705125801673,1774181381575724439,7427,2
351,000000000133,groot,2026-03-25,1774450989309732083,269607733954448,1774181381575777635,53196,2
352,000000000175,smolvla,2026-03-27,1774621514183624242,440132607824456,1774181381575799786,22151,2
353,000000000553,openpi,2026-04-03,1775226423369252474,1045041793413144,1774181381575839330,39544,2
354,000000000011,openpi,2026-03-24,1774347096648576820,165715072642052,1774181381575934768,95438,2
355,000000000247,openpi,2026-03-29,1774780290213849793,598908637903630,1774181381575946163,11395,2
356,000000000136,act,2026-03-25,1774452028146680360,270646570718380,1774181381575961980,15817,2
357,000000000128,smolvla,2026-03-25,1774449547511314887,268165935342961,1774181381575971926,9946,2
358,000000000551,groot,2026-04-03,1775225826443709474,1044444867668745,1774181381576040729,68803,2
359,000000000542,openpi,2026-04-03,1775223311571013534,1041929994925273,1774181381576088261,47532,2
360,000000000038,openpi,2026-03-24,1774354604439589306,173222863498836,1774181381576090470,2209,2
361,000000000040,openpi,2026-03-24,1774355166211611808,173784635500588,1774181381576111220,20750,2
362,000000000240,openpi,2026-03-29,1774777988836277689,596607260146324,1774181381576131365,20145,2
363,000000000270,openpi,2026-03-29,1774786696672027792,605315095889691,1774181381576138101,6736,2
364,000000000223,smolvla,2026-03-29,1774772736542919698,591354966718423,1774181381576201275,63174,2
365,000000000144,groot,2026-03-25,1774454513942346618,273132366053479,1774181381576293139,91864,2
366,000000000069,openpi,2026-03-24,1774364564322613061,183182746263040,1774181381576350021,56882,2
367,000000000273,act,2026-03-29,1774787372122675940,605990546316659,1774181381576359281,9260,2
368,000000000531,openpi,2026-04-03,1775220340475767746,1038958899404716,1774181381576363030,3749,2
369,000000000235,smolvla,2026-03-29,1774775778590455504,594397014034025,1774181381576421479,58449,2
370,000000000236,groot,2026-03-29,1774775848157855846,594466581339188,1774181381576516658,95179,2
371,000000000264,groot,2026-03-29,1774785277030770323,603895454208087,1774181381576562236,45578,2
372,000000000256,smolvla,2026-03-29,1774783057996143479,601676419499524,1774181381576643955,81719,2
373,000000000229,smolvla,2026-03-29,1774774216276004113,592834699337787,1774181381576666326,22371,2
374,000000000045,openpi,2026-03-24,1774356876410652189,175494833955939,1774181381576696250,29924,2
375,000000000221,openpi,2026-03-29,1774772073241112392,590691664383009,1774181381576729383,33133,2
376,000000000265,openpi,2026-03-29,1774785437036397894,604055459663852,1774181381576734042,4659,2
377,000000000047,openpi,2026-03-24,1774357362138737815,175980561996556,1774181381576741259,7217,2
378,000000000185,smolvla,2026-03-27,1774625653255204251,444271678461751,1774181381576742500,1241,2
379,000000000182,groot,2026-03-27,1774624770961476864,443389384657301,1774181381576819563,77063,2
380,000000000072,smolvla,2026-03-25,1774431088219333327,249706642493963,1774181381576839364,19801,2
381,000000000215,openpi,2026-03-29,1774769689350782917,588307773908135,1774181381576874782,35418,2
382,000000000135,groot,2026-03-25,1774451751369547153,270369792621192,1774181381576925961,51179,2
383,000000000087,groot,2026-03-25,1774436364089433695,254982512483013,1774181381576950682,24721,2
384,000000000574,groot,2026-04-03,1775233378919070581,1051997342111050,1774181381576959531,8849,2
385,000000000078,groot,2026-03-25,1774432626906739187,251245329779377,1774181381576959810,279,2
386,000000000171,smolvla,2026-03-27,1774619820570910249,438438993926280,1774181381576983969,24159,2
387,000000000179,openpi,2026-03-27,1774623775583202570,442394006173971,1774181381577028599,44630,2
388,000000000568,groot,2026-04-03,1775230641324673322,1049259747634896,1774181381577038426,9827,2
389,000000000183,groot,2026-03-27,1774625071471604892,443689894501606,1774181381577103286,64860,2
390,000000000081,groot,2026-03-25,1774433690799649968,252309222506203,1774181381577143765,40479,2
391,000000000120,smolvla,2026-03-25,1774447011486193253,265629909032604,1774181381577160649,16884,2
392,000000000180,openpi,2026-03-27,1774624139608059830,442758030851814,1774181381577208016,47367,2
393,000000000219,smolvla,2026-03-29,1774771373860522808,589992283268333,1774181381577254475,46459,2
394,000000000167,groot,2026-03-27,1774617764386715481,436382809424152,1774181381577291329,36854,2
395,000000000118,act,2026-03-25,1774446356219384145,264974642069547,1774181381577314598,23269,2
396,000000000552,openpi,2026-04-03,1775226100650518792,1044719073199358,1774181381577319434,4836,2
397,000000000076,groot,2026-03-25,1774431970472861012,250588895541525,1774181381577319487,53,2
398,000000000084,smolvla,2026-03-25,1774435214070198340,253832492874832,1774181381577323508,4021,2
399,000000000070,openpi,2026-03-24,1774364740650426156,183359073057828,1774181381577368328,44820,2
400,000000000216,act,2026-03-29,1774769962107026118,588580529595084,1774181381577431034,62706,2
401,000000000154,smolvla,2026-03-27,1774613810885620121,432429308166569,1774181381577453552,22518,2
402,000000000198,groot,2026-03-27,1774628898335127676,447516757663269,1774181381577464407,10855,2
403,000000000205,groot,2026-03-29,1774766410749754665,585029172278849,1774181381577475816,11409,2
404,000000000169,act,2026-03-27,1774618954001553912,437572424069973,1774181381577483939,8123,2
405,000000000151,groot,2026-03-25,1774456517603779286,275136026263313,1774181381577515973,32034,2
406,000000000035,smolvla,2026-03-24,1774353783770768235,172402193225768,1774181381577542467,26494,2
407,000000000533,groot,2026-04-03,1775220982719596223,1039601141985189,1774181381577611034,68567,2
408,000000000142,groot,2026-03-25,1774453993951134437,272612373455595,1774181381577678842,67808,2
409,000000000267,smolvla,2026-03-29,1774785812259599845,604430681830927,1774181381577768918,90076,2
410,000000000090,groot,2026-03-25,1774437049260479824,255667682690328,1774181381577789496,20578,2
411,000000000010,groot,2026-03-24,1774346772610860549,165391033054258,1774181381577806291,16795,2
412,000000000255,groot,2026-03-29,1774782777523251039,601395945412065,1774181381577838974,32683,2
413,000000000535,openpi,2026-04-03,1775221341818512541,1039960240641888,1774181381577870653,31679,2
414,000000000538,groot,2026-04-03,1775222193366319622,1040811788437693,1774181381577881929,11276,2
415,000000000061,act,2026-03-24,1774362494621299096,181113043381373,1774181381577917723,35794,2
416,000000000228,act,2026-03-29,1774774035623497016,592654045562012,1774181381577935004,17281,2
417,000000000252,smolvla,2026-03-29,1774781892047678040,600510469731343,1774181381577946697,11693,2
418,000000000080,act,2026-03-25,1774433214594045135,251833016089731,1774181381577955404,8707,2
419,000000000152,groot,2026-03-25,1774456779259234076,275397681187408,1774181381578046668,91264,2
420,000000000085,act,2026-03-25,1774435531300089865,254149722004070,1774181381578085795,39127,2
421,000000000525,groot,2026-04-03,1775218713433560328,1037331855469510,1774181381578090818,5023,2
422,000000000172,openpi,2026-03-27,1774620545331576845,439163753475333,1774181381578101512,10694,2
423,000000000103,groot,2026-03-25,1774442046014432925,260664436313319,1774181381578119606,18094,2
424,000000000189,openpi,2026-03-27,1774626626139615002,445244561397165,1774181381578217837,98231,2
425,000000000073,smolvla,2026-03-25,1774431192519083666,249810940804387,1774181381578279279,61442,2
426,000000000077,smolvla,2026-03-25,1774432478801373262,251097223082165,1774181381578291097,11818,2
427,000000000106,openpi,2026-03-25,1774442893944098773,261512365782285,1774181381578316488,25391,2
428,000000000146,smolvla,2026-03-25,1774455122107376978,273740529044582,1774181381578332396,15908,2
429,000000000540,openpi,2026-04-03,1775222708095679248,1041326517297814,1774181381578381434,49038,2
430,000000000160,openpi,2026-03-27,1774615689893909325,434308315525055,1774181381578384270,2836,2
431,000000000139,openpi,2026-03-25,1774453000043882202,271618465489042,1774181381578393160,8890,2
432,000000000173,openpi,2026-03-27,1774620869999320585,439488420894484,1774181381578426101,32941,2
433,000000000020,smolvla,2026-03-24,1774349542348111346,168160769662478,1774181381578448868,22767,2
434,000000000094,groot,2026-03-25,1774438160506754552,256778928295799,1774181381578458753,9885,2
435,000000000188,groot,2026-03-27,1774626337180409881,444955601918175,1774181381578491706,32953,2
436,000000000111,smolvla,2026-03-25,1774444376110205102,262994531685235,1774181381578519867,28161,2
437,000000000262,smolvla,2026-03-29,1774784706493193590,603324914663516,1774181381578530074,10207,2
438,000000000187,act,2026-03-27,1774626131999023641,444750420459719,1774181381578563922,33848,2
439,000000000570,openpi,2026-04-03,1775232168397544889,1050786818919055,1774181381578625834,61912,2
440,000000000227,groot,2026-03-29,1774773766550661379,592384972034813,1774181381578626566,732,2
441,000000000214,openpi,2026-03-29,1774769391774016073,588010195381159,1774181381578634914,8348,2
442,000000000100,smolvla,2026-03-25,1774440056580126795,258675001439539,1774181381578687256,52342,2
443,000000000099,groot,2026-03-25,1774439732224531143,258350645818561,1774181381578712582,25326,2
444,000000000272,smolvla,2026-03-29,1774787201285924534,605819707200904,1774181381578723630,11048,2
445,000000000140,groot,2026-03-25,1774453383227495706,272001648764693,1774181381578731013,7383,2
446,000000000526,groot,2026-04-03,1775219030099683773,1037648520942021,1774181381578741752,10739,2
447,000000000121,groot,2026-03-25,1774447495795226669,266114216437192,1774181381578789477,47725,2
448,000000000067,act,2026-03-24,1774364011565351610,182629986521647,1774181381578829963,40486,2
449,000000000220,groot,2026-03-29,1774771686575321236,590304996490078,1774181381578831158,1195,2
450,000000000537,openpi,2026-04-03,1775221918155566552,1040536576731003,1774181381578835549,4391,2
451,000000000159,groot,2026-03-27,1774615404954410328,434023375562487,1774181381578847841,12292,2
452,000000000013,groot,2026-03-24,1774347466382335959,166084803485279,1774181381578850680,2839,2
453,000000000190,smolvla,2026-03-27,1774626690469501738,445308890623373,1774181381578878365,27685,2
454,000000000549,groot,2026-04-03,1775225247868925028,1043866290022619,1774181381578902409,24044,2
455,000000000246,groot,2026-03-29,1774780016360270957,598634781343440,1774181381578927517,25108,2
456,000000000558,openpi,2026-04-03,1775227681736606150,1046300157601658,1774181381579004492,76975,2
457,000000000572,openpi,2026-04-03,1775232660052010574,1051278473003136,1774181381579007438,2946,2
458,000000000237,openpi,2026-03-29,1774776628857255224,595247278242648,1774181381579012576,5138,2
459,000000000201,act,2026-03-29,1774765224433746262,583842854704832,1774181381579041430,28854,2
460,000000000109,groot,2026-03-25,1774444011910487801,262630331436025,1774181381579051776,10346,2
461,000000000266,smolvla,2026-03-29,1774785718223460220,604336644371712,1774181381579088508,36732,2
462,000000000563,groot,2026-04-03,1775229218457017035,1047836877894876,1774181381579122159,33651,2
463,000000000539,groot,2026-04-03,1775222432774345605,1041051195174958,1774181381579170647,48488,2
464,000000000529,openpi,2026-04-03,1775219866623700305,1038485044528542,1774181381579171763,1116,2
465,000000000251,groot,2026-03-29,1774781609654100015,600228074877562,1774181381579222453,50690,2
466,000000000259,smolvla,2026-03-29,1774783772814038360,602391234786144,1774181381579252216,29763,2
467,000000000145,smolvla,2026-03-25,1774454823362610875,273441783344559,1774181381579266316,14100,2
468,000000000098,smolvla,2026-03-25,1774439386628732773,258005049452347,1774181381579280426,14110,2
469,000000000075,smolvla,2026-03-25,1774431775648860673,250394069576180,1774181381579284493,4067,2
470,000000000241,act,2026-03-29,1774778395194490813,597013615202138,1774181381579288675,4182,2
471,000000000053,openpi,2026-03-24,1774360164608325405,178783028976454,1774181381579348951,60276,2
472,000000000254,act,2026-03-29,1774782461366573391,601079787205650,1774181381579367741,18790,2
473,000000000528,groot,2026-04-03,1775219589625793730,1038208046389521,1774181381579404209,36468,2
474,000000000564,openpi,2026-04-03,1775229494216301931,1048112636866398,1774181381579435533,31324,2
475,000000000104,groot,2026-03-25,1774442322901946124,260941322501270,1774181381579444854,9321,2
476,000000000016,smolvla,2026-03-24,1774348300859140737,166919279640012,1774181381579500725,55871,2
477,000000000064,openpi,2026-03-24,1774363293597221428,181912017688085,1774181381579533343,32618,2
478,000000000079,groot,2026-03-25,1774432906831416951,251525251866301,1774181381579550650,17307,2
479,000000000271,openpi,2026-03-29,1774786926332542651,605544752949262,1774181381579593389,42739,2
480,000000000051,act,2026-03-24,1774359623926871535,178242347246039,1774181381579625496,32107,2
481,000000000206,smolvla,2026-03-29,1774766691079930760,585309500297753,1774181381579633007,7511,2
482,000000000203,groot,2026-03-29,1774765804663561197,584423083911429,1774181381579649768,16761,2
483,000000000131,openpi,2026-03-25,1774450582366871885,269200787221651,1774181381579650234,466,2
484,000000000532,openpi,2026-04-03,1775220613734932174,1039232155274303,1774181381579657871,7637,2
485,000000000231,smolvla,2026-03-29,1774774540888762707,593159309087137,1774181381579675570,17699,2
486,000000000026,groot,2026-03-24,1774351172328842036,169790749090377,1774181381579751659,76089,2
487,000000000209,openpi,2026-03-29,1774767754960727915,586373380974746,1774181381579753169,1510,2
488,000000000042,groot,2026-03-24,1774355737966036885,174356386268015,1774181381579768870,15701,2
489,000000000043,act,2026-03-24,1774356002192457707,174620612686813,1774181381579770894,2024,2
490,000000000174,smolvla,2026-03-27,1774621157532050449,439775952267413,1774181381579783036,12142,2
491,000000000149,openpi,2026-03-25,1774455960046006935,274578466203652,1774181381579803283,20247,2
492,000000000239,groot,2026-03-29,1774777046647638671,595665067808182,1774181381579830489,27206,2
493,000000000210,groot,2026-03-29,1774768141040127235,586759460292176,1774181381579835059,4570,2
494,000000000195,groot,2026-03-27,1774628253212947168,446871633108991,1774181381579838177,3118,2
495,000000000057,groot,2026-03-24,1774361282472466427,179900892608925,1774181381579857502,19325,2
496,000000000245,smolvla,2026-03-29,1774779709213824985,598327633937677,1774181381579887308,29806,2
497,000000000028,act,2026-03-24,1774351749913925145,170368333975181,1774181381579949964,62656,2
498,000000000065,smolvla,2026-03-24,1774363456396445202,182074816457605,1774181381579987597,37633,2
499,000000000202,groot,2026-03-29,1774765504220941528,584122640949790,1774181381579991738,4141,2
500,000000000054,groot,2026-03-24,1774360444621103623,179063041052713,1774181381580050910,59172,2
501,000000000257,smolvla,2026-03-29,1774783139481591006,601757901539852,1774181381580051154,244,2
502,000000000566,openpi,2026-04-03,1775230088495245646,1048706915190732,1774181381580054914,3760,2
503,000000000543,groot,2026-04-03,1775223654619728390,1042273039645905,1774181381580082485,27571,2
504,000000000224,act,2026-03-29,1774773024733862753,591643153747694,1774181381580115059,32574,2
505,000000000063,groot,2026-03-24,1774363019650553334,181638070431012,1774181381580122322,7263,2
506,000000000059,act,2026-03-24,1774361915498868091,180533918736670,1774181381580131421,9099,2
507,000000000166,groot,2026-03-27,1774617449185643194,436067605492751,1774181381580150443,19022,2
508,000000000108,smolvla,2026-03-25,1774443748408552517,262366828397538,1774181381580154979,4536,2
509,000000000162,groot,2026-03-27,1774616490055760700,435108475569593,1774181381580191107,36128,2
510,000000000049,groot,2026-03-24,1774357945835104940,176564254912890,1774181381580192050,943,2
511,000000000117,act,2026-03-25,1774446073391707522,264691811492500,1774181381580215022,22972,2
512,000000000554,groot,2026-04-03,1775226538614278863,1045157034053111,1774181381580225752,10730,2
513,000000000557,openpi,2026-04-03,1775227384208472103,1046002628229200,1774181381580242903,17151,2
514,000000000134,groot,2026-03-25,1774451368800683057,269987220439069,1774181381580243988,1085,2
515,000000000009,openpi,2026-03-24,1774346513984844761,165132404600279,1774181381580244482,494,2
516,000000000544,groot,2026-04-03,1775223833290082744,1042451709835936,1774181381580246808,2326,2
517,000000000006,smolvla,2026-03-24,1774345862846047356,164481265777467,1774181381580269889,23081,2
518,000000000263,smolvla,2026-03-29,1774784967057479077,603585477201772,1774181381580277305,7416,2
519,000000000197,groot,2026-03-27,1774628615099790858,447233519451368,1774181381580339490,62185,2
520,000000000021,smolvla,2026-03-24,1774349806528247019,168424947893095,1774181381580353924,14434,2
521,000000000048,openpi,2026-03-24,1774357640751448687,176259171094569,1774181381580354118,194,2
522,000000000225,smolvla,2026-03-29,1774773316015679084,591934435321373,1774181381580357711,3593,2
523,000000000191,smolvla,2026-03-27,1774627018830682050,445637250301066,1774181381580380984,23273,2
524,000000000158,openpi,2026-03-27,1774615065456946351,433683876548160,1774181381580398191,17207,2
525,000000000017,smolvla,2026-03-24,1774348569440792043,167187860376297,1774181381580415746,17555,2
526,000000000029,smolvla,2026-03-24,1774352010031605662,170628451177546,1774181381580428116,12370,2
527,000000000141,groot,2026-03-25,1774453848445266608,272466864770743,1774181381580495865,67749,2
528,000000000088,smolvla,2026-03-25,1774436682788500783,255301207987175,1774181381580513608,17743,2
529,000000000213,openpi,2026-03-29,1774769112185035703,587730604511403,1774181381580524300,10692,2
530,000000000555,openpi,2026-04-03,1775226815516571117,1045433936040812,1774181381580530305,6005,2
531,000000000199,groot,2026-03-27,1774630072463893769,448690883336178,1774181381580557591,27286,2
532,000000000268,groot,2026-03-29,1774786118768598414,604737188035294,1774181381580563120,5529,2
533,000000000041,smolvla,2026-03-24,1774355430634169995,174049053592601,1774181381580577394,14274,2
534,000000000058,groot,2026-03-24,1774361665405638530,180283825042903,1774181381580595627,18233,2
535,000000000156,act,2026-03-27,1774614418124211428,433036543573773,1774181381580637655,42028,2
536,000000000101,groot,2026-03-25,1774440269762374548,258888181733020,1774181381580641528,3873,2
537,000000000033,groot,2026-03-24,1774353224532299486,171842951655196,1774181381580644290,2762,2
538,000000000034,groot,2026-03-24,1774353497019368156,172115438714223,1774181381580653933,9643,2
539,000000000126,smolvla,2026-03-25,1774448896695550260,267515114894691,1774181381580655569,1636,2
540,000000000178,groot,2026-03-27,1774622326963659145,440945382980430,1774181381580678715,23146,2
541,000000000122,groot,2026-03-25,1774447806068826340,266424488130472,1774181381580695868,17153,2
542,000000000233,smolvla,2026-03-29,1774775167712267377,593786131554455,1774181381580712922,17054,2
543,000000000230,smolvla,2026-03-29,1774774495088946635,593113508210438,1774181381580736197,23275,2
544,000000000161,openpi,2026-03-27,1774616161393825654,434779813034933,1774181381580790721,54524,2
545,000000000130,groot,2026-03-25,1774450448632558760,269067051764574,1774181381580794186,3465,2
546,000000000184,groot,2026-03-27,1774625357487633381,443975906826848,1774181381580806533,12347,2
547,000000000232,groot,2026-03-29,1774774893209209261,593511628396684,1774181381580812577,6044,2
548,000000000163,smolvla,2026-03-27,1774616823071851315,435441491029371,1774181381580821944,9367,2
549,000000000012,smolvla,2026-03-24,1774347368358381601,165986777557176,1774181381580824425,2481,2
550,000000000194,openpi,2026-03-27,1774627961983332203,446580402473429,1774181381580858774,34349,2
551,000000000261,openpi,2026-03-29,1774784432733184954,603051152318846,1774181381580866108,7334,2
552,000000000260,act,2026-03-29,1774784108561994879,602726981119935,1774181381580874944,8836,2
553,000000000119,act,2026-03-25,1774446615701250335,265234120360900,1774181381580889435,14491,2
554,000000000024,openpi,2026-03-24,1774350572553783653,169190972867838,1774181381580915815,26380,2
555,000000000248,act,2026-03-29,1774780606126282600,599224545356063,1774181381580926537,10722,2
556,000000000208,smolvla,2026-03-29,1774767398368642712,586016787715965,1774181381580926747,210,2
557,000000000124,smolvla,2026-03-25,1774448369154685236,266987573756234,1774181381580929002,2255,2
558,000000000086,groot,2026-03-25,1774435827099722033,254445518788198,1774181381580933835,4833,2
559,000000000105,groot,2026-03-25,1774442626743844076,261245162883021,1774181381580961055,27220,2
560,000000000222,groot,2026-03-29,1774772458266741275,591076685728856,1774181381581012419,51364,2
561,000000000112,groot,2026-03-25,1774444675703529430,263294122515584,1774181381581013846,1427,2
562,000000000212,groot,2026-03-29,1774768825896792046,587444315726941,1774181381581065105,51259,2
563,000000000207,act,2026-03-29,1774767107953667525,585726372567294,1774181381581100231,35126,2
564,000000000089,act,2026-03-25,1774436756406347511,255374825222339,1774181381581125172,24941,2
565,000000000157,openpi,2026-03-27,1774614791966108577,433410384930552,1774181381581178025,52853,2
566,000000000177,act,2026-03-27,1774621895479506346,440513898317079,1774181381581189267,11242,2
567,000000000027,act,2026-03-24,1774351468520232120,170086939041618,1774181381581190502,1235,2
568,000000000562,groot,2026-04-03,1775228927165097026,1047545583884986,1774181381581212040,21538,2
569,000000000083,groot,2026-03-25,1774434950958787035,253569377550271,1774181381581236764,24724,2
570,000000000014,groot,2026-03-24,1774347744850040390,166363268773440,1774181381581266950,30186,2
571,000000000181,groot,2026-03-27,1774624467033193678,443085451924840,1774181381581268838,1888,2
572,000000000039,groot,2026-03-24,1774354879444658100,173497863369148,1774181381581288952,20114,2
573,000000000527,openpi,2026-04-03,1775219319477383929,1037937896081313,1774181381581302616,13664,2
574,000000000052,groot,2026-03-24,1774359888528325552,178506947018077,1774181381581307475,4859,2
575,000000000244,openpi,2026-03-29,1774779435567620242,598053986290319,1774181381581329923,22448,2
576,000000000055,groot,2026-03-24,1774360674889660553,179293308315816,1774181381581344737,14814,2
577,000000000137,groot,2026-03-25,1774452442396725907,271060815307474,1774181381581418433,73696,2
578,000000000093,act,2026-03-25,1774437869928276923,256488346817553,1774181381581459370,40937,2
579,000000000545,openpi,2026-04-03,1775224126553562712,1042744972095601,1774181381581467111,7741,2
580,000000000565,groot,2026-04-03,1775229771539572745,1048389958016171,1774181381581556574,89463,2
581,000000000025,groot,2026-03-24,1774350892206865810,169510625236935,1774181381581628875,72301,2
582,000000000569,openpi,2026-04-03,1775231637579998008,1050255998355521,1774181381581642487,13612,2
583,000000000129,groot,2026-03-25,1774449947124031115,268565542372915,1774181381581658200,15713,2
584,000000000132,smolvla,2026-03-25,1774450944853549514,269563271888569,1774181381581660945,2745,2
585,000000000092,groot,2026-03-25,1774437659973337171,256278391670888,1774181381581666283,5338,2
586,000000000056,act,2026-03-24,1774360994455890982,179612874200720,1774181381581690262,23979,2
587,000000000168,act,2026-03-27,1774618139930957960,436758349137862,1774181381581820098,129836,2
588,000000000550,groot,2026-04-03,1775225555592809492,1044174010880343,1774181381581929149,109051,2
589,000000000559,groot,2026-04-03,1775227984989502842,1046603407564911,1774181381581937931,8782,2
590,000000000046,groot,2026-03-24,1774357143490791171,175761908800007,1774181381581991164,53233,2
591,000000000561,groot,2026-04-03,1775228630371405472,1047248789412834,1774181381581992638,1474,2
592,000000000015,groot,2026-03-24,1774348018258705187,166636676580486,1774181381582124701,132063,2
593,000000000031,smolvla,2026-03-24,1774352926758821160,171545176470323,1774181381582350837,226136,2
594,000000000575,groot,2026-04-03,1775233642015631888,1052260433264813,1774181381582367075,16238,2
