panel_id,paper,condition,rule_provenance,aggregation_rule,source_metric_bundle,pearson_r,audit_spearman_rho,real_winners,sim_winners,top1_result,displayed_real_regret_pp,leave_one_task_out_correct,leave_one_task_out_total,all_nonempty_task_subsets_correct,all_nonempty_task_subsets_total,scope_note
Cosmos-Surg-dVRK/automated_fig1b,Cosmos-Surg-dVRK,automated Fig. 1b,source-matched aggregation/action; audit-defined ties/loss,equal-task policy mean over four displayed tasks,Pearson and MMRV,0.941477536836,0.828571428571,GR00T N1 20k,GR00T N1 20k,correct,0.000000,1,4,5,15,Inventory-derived set of recovered complete direct-cell matrices; outcome-exposed and not a prevalence denominator.
Cosmos-Surg-dVRK/manual_human_vs_dvrk,Cosmos-Surg-dVRK,manual human-vs-dVRK,source-matched aggregation/action; audit-defined ties/loss,equal-task policy mean over four displayed tasks,Pearson and MMRV,0.883136559068,0.371428571429,GR00T N1 20k,GR00T N1.5 50k,wrong,10.000000,0,4,2,15,Inventory-derived set of recovered complete direct-cell matrices; outcome-exposed and not a prevalence denominator.
Digital Cousins,Digital Cousins,four generalization levels,audit-defined,equal-level policy mean,Pearson,0.996862862659,1.000000000000,pi_0,pi_0,correct,0.000000,4,4,15,15,Inventory-derived set of recovered complete direct-cell matrices; outcome-exposed and not a prevalence denominator.
EmbodiedSplat/mesh-conditions,EmbodiedSplat,Poly and DN mesh conditions,audit-defined,equal-mesh mean; candidate identity is base lineage x finetuning status,Pearson,0.936263291311,0.800000000000,HM3D-FT,HM3D-FT,correct,0.000000,2,2,3,3,Inventory-derived set of recovered complete direct-cell matrices; outcome-exposed and not a prevalence denominator.
Hi-WM,Hi-WM,three displayed tasks,audit-defined,equal-task policy mean,Pearson,0.963796226636,1.000000000000,pi0-post-trained,pi0-post-trained,correct,0.000000,3,3,7,7,Inventory-derived set of recovered complete direct-cell matrices; outcome-exposed and not a prevalence denominator.
Mem-World,Mem-World,five displayed tasks,audit-defined,equal-task policy mean,Pearson and p-value,1.000000000000,1.000000000000,pi_0.5,pi_0.5,correct,0.000000,5,5,31,31,Inventory-derived set of recovered complete direct-cell matrices; outcome-exposed and not a prevalence denominator.
MolmoSpaces/common-appendix-roster,MolmoSpaces,appendix pick/open/close,audit-defined,equal-task mean over the four-policy intersection across three tasks,Pearson and Spearman,0.982169316909,0.800000000000,CAP,CAP,correct,0.000000,3,3,7,7,Inventory-derived set of recovered complete direct-cell matrices; outcome-exposed and not a prevalence denominator.
REALM/Default,REALM,Default,audit-defined,equal-task policy mean over seven displayed tasks,Pearson and MMRV,0.999948100953,1.000000000000,pi0-FAST,pi0-FAST,correct,0.000000,7,7,123,127,Inventory-derived set of recovered complete direct-cell matrices; outcome-exposed and not a prevalence denominator.
REALM/Overall,REALM,Overall,audit-defined,equal-task policy mean over seven displayed tasks,Pearson and MMRV,0.999605575553,1.000000000000,pi0-FAST,pi0-FAST,correct,0.000000,7,7,106,127,Inventory-derived set of recovered complete direct-cell matrices; outcome-exposed and not a prevalence denominator.
REALM/VB-POSE,REALM,VB-POSE,audit-defined,equal-task policy mean over seven displayed tasks,Pearson and MMRV,0.999539710198,1.000000000000,pi0-FAST,pi0-FAST,correct,0.000000,3,7,88,127,Inventory-derived set of recovered complete direct-cell matrices; outcome-exposed and not a prevalence denominator.
SIMPLER/google_robot,SIMPLER,Google Robot,audit-defined,equal-task policy mean over five displayed tasks,Pearson and MMRV,0.973627162240,1.000000000000,rt-1-converged,rt-1-converged,correct,0.000000,5,5,24,31,Inventory-derived set of recovered complete direct-cell matrices; outcome-exposed and not a prevalence denominator.
SIMPLER/widowx,SIMPLER,WidowX,audit-defined,equal-task policy mean over four displayed tasks,Pearson and MMRV,0.949835733238,1.000000000000,octo-small,octo-small,correct,0.000000,4,4,11,15,Inventory-derived set of recovered complete direct-cell matrices; outcome-exposed and not a prevalence denominator.
WEAVER/CtrlWorld,WEAVER,CtrlWorld,audit-defined,equal-task policy mean over five displayed tasks,Pearson and Spearman,1.000000000000,1.000000000000,pi05FT,pi05FT,correct,0.000000,5,5,24,31,Inventory-derived set of recovered complete direct-cell matrices; outcome-exposed and not a prevalence denominator.
WEAVER/WEAVER,WEAVER,WEAVER,audit-defined,equal-task policy mean over five displayed tasks,Pearson and Spearman,1.000000000000,1.000000000000,pi05FT,pi05FT,correct,0.000000,5,5,28,31,Inventory-derived set of recovered complete direct-cell matrices; outcome-exposed and not a prevalence denominator.
WEAVER/WEAVER-FT,WEAVER,WEAVER-FT,audit-defined,equal-task policy mean over five displayed tasks,Pearson and Spearman,1.000000000000,1.000000000000,pi05FT,pi05FT,correct,0.000000,5,5,31,31,Inventory-derived set of recovered complete direct-cell matrices; outcome-exposed and not a prevalence denominator.
WM-PolicyEval/Cosmos,WM-PolicyEval,Cosmos,audit-defined,equal-task policy mean over four displayed tasks,Pearson and MMRV,0.975157827299,1.000000000000,OpenVLA,OpenVLA,correct,0.000000,4,4,12,15,Inventory-derived set of recovered complete direct-cell matrices; outcome-exposed and not a prevalence denominator.
WM-PolicyEval/IRASim,WM-PolicyEval,IRASim,audit-defined,equal-task policy mean over four displayed tasks,Pearson and MMRV,0.507407090073,0.500000000000,OpenVLA,Octo-Base,wrong,27.500000,1,4,4,15,Inventory-derived set of recovered complete direct-cell matrices; outcome-exposed and not a prevalence denominator.
WorldEval,WorldEval,five displayed tasks,audit-defined,equal-task policy mean,Pearson,0.995613427304,0.800000000000,pi0,pi0,correct,0.000000,5,5,28,31,Inventory-derived set of recovered complete direct-cell matrices; outcome-exposed and not a prevalence denominator.
WorldGym,WorldGym,17 displayed tasks,audit-defined,equal-task policy mean,Pearson and ranking-preservation analysis,0.992350153861,1.000000000000,OpenVLA,OpenVLA,correct,0.000000,17,17,131068,131071,Inventory-derived set of recovered complete direct-cell matrices; outcome-exposed and not a prevalence denominator.
